选课号,课程,开课校区,授课方式,授课老师,学分,总学时,限选人数,上课教室,课程类型,上课时间
"12001087","中国对外贸易理论与政策","崂山校区","讲授","戴桂林","3.0","48","64","7206","Specialty","1-17周 三(5-7节)",
"12001018","毕业实习","崂山校区","讲授","黄友星","4.0","0","88","","Specialty","1-6周",
"12002082","金融工程（双语）","崂山校区","讲授","赵树然 刘浩东 刘妍","3.0","51","60","7206","Specialty","1-17周 二(5-7节)",
"12002054","行为金融学（双语）","崂山校区","讲授","丁黎黎 王垒","2.0","32","129","7118","Specialty","1-17周 二(3-4节)",
"12002001","毕业论文","崂山校区","讲授","刘浩东","8.0","0","86","","Specialty","1-13周",
"12002068","毕业论文","崂山校区","讲授","郭晶","8.0","0","63","","Specialty","1-13周",
"12002055","证券业务实操","崂山校区","讲授","王元月 张同辉","0.5","12","50","","Specialty","10-15周 三(5-6节)",
"12001107","区域经济学","崂山校区","讲授","李福柱","3.0","48","31","7116","Specialty","1-17周 三(5-7节)",
"12001029","金融学","崂山校区","讲授","王垒","3.0","48","109","7118","Specialty","1-17周 三(7-9节)",
"12001098","毕业实习","崂山校区","讲授","汪克亮","4.0","0","55","","Specialty","1-6周",
"12001097","毕业论文","崂山校区","讲授","汪克亮","8.0","0","55","","Specialty","1-6周",
"20001013","中国政治制度史","崂山校区","讲授","王泉伟","4.0","64","90","","Specialty","1-16周 二(3-4节)",
"","","","","","","","","","Specialty","1-16周 三(5-6节)",
"20001018","中国政治思想史","崂山校区","讲授","允春喜","4.0","64","50","7108","Specialty","1-16周 一(3-4节)",
"","","","","","","","","7108","Specialty","1-16周 三(3-4节)",
"20001017","西方政治思想史","崂山校区","讲授","陈霞","4.0","64","90","","Specialty","1-16周 二(5-6节)",
"","","","","","","","","","Specialty","1-16周 五(7-8节)",
"20001015","公共行政学","崂山校区","讲授","黄杰 王雪","4.0","64","50","7112","Specialty","1-16周 一(8-9节)",
"","","","","","","","","7112","Specialty","1-16周 五(3-4节)",
"20001012","政治学经典著作选读","崂山校区","讲授","马红邑","2.0","32","51","7108","Specialty","1-16周 五(1-2节)",
"20001007","当代西方政治思潮","崂山校区","讲授","马红邑","3.0","48","51","7111","Specialty","1-16周 二(7-9节)",
"20001008","当代中国政府与政治","崂山校区","讲授","弓联兵","3.0","48","51","7111","Specialty","1-16周 一(5-7节)",
"20003012","公共政策学","崂山校区","讲授","许阳","3.0","48","51","7112","Specialty","1-16周 二(7-9节)",
"20001005","全球治理导论（双语）","崂山校区","讲授","张佳佳 孙凯","2.0","32","80","","Specialty","1-16周 四(1-2节)",
"20001010","行政法与行政诉讼法","崂山校区","讲授","董利民","2.0","32","51","7110","Specialty","1-16周 一(1-2节)",
"20001009","国际关系学","崂山校区","讲授","王泉伟","2.0","32","51","7110","Specialty","1-16周 三(1-2节)",
"20001011","政治传播学","崂山校区","讲授","国晓光","2.0","32","51","7108","Specialty","1-16周 五(5-6节)",
"20001004","海洋行政管理学概论","崂山校区","讲授","王琪 崔野","2.0","32","40","7113","Specialty","1-16周 三(3-4节)",
"20001002","当代中国外交","崂山校区","讲授","董利民 郭培清","2.0","32","40","7111","Specialty","1-16周 二(5-6节)",
"20001001","毕业论文","崂山校区","讲授","马红邑","8.0","0","43","","Specialty","1-9周",
"20001006","SPSS统计应用","崂山校区","讲授","胡馥妤","2.5","48","51","7113","Specialty","1-16周 四(3-4节)",
"18003045","体育统计学","崂山校区","讲授","陈平","2.0","32","40","","Specialty","1-17周 三(3-4节)",
"18003012","运动心理学","崂山校区","讲授","徐卫华","3.0","48","39","","Specialty","1-17周 二(3-4节)",
"","","","","","","","","","Specialty","1-17周 四(10-11节)双",
"18003044","体育科学研究方法","崂山校区","讲授","杨韵","2.0","32","40","","Specialty","1-17周 四(3-4节)",
"18003004","运动生理学","崂山校区","讲授","朱俊英","4.0","64","46","","Specialty","1-17周 二(3-4节)",
"","","","","","","","","","Specialty","1-17周 四(1-2节)",
"18003003","学校体育学","崂山校区","讲授","关敏","2.0","32","46","","Specialty","1-17周 一(3-4节)",
"18003013","运动训练学","崂山校区","讲授","谭嘉辉","3.0","48","39","","Specialty","1-17周 二(1-2节)",
"","","","","","","","","","Specialty","1-17周 四(10-11节)单",
"18003048","运动竞赛学","崂山校区","讲授","王毅","2.0","32","40","","Specialty","1-17周 四(1-2节)",
"18003014","运动营养学","崂山校区","讲授","王忠勇","2.0","32","39","","Specialty","1-17周 一(1-2节)",
"18003063","瑜伽","崂山校区","讲授","丁涛","2.0","32","51","","Specialty","1-8周 三(1-2节)",
"","","","","","","","","","Specialty","1-8周 五(1-2节)",
"18003007","专项训练与竞赛2","崂山校区","讲授","刘霞","3.0","96","46","","Specialty","1-17周 一(5-6节)",
"","","","","","","","","","Specialty","1-17周 三(5-6节)",
"","","","","","","","","","Specialty","1-17周 五(5-6节)",
"18003019","专项训练与竞赛2","崂山校区","讲授","王毅","3.0","96","46","","Specialty","1-17周 一(7-8节)",
"","","","","","","","","","Specialty","1-17周 三(10-11节)",
"","","","","","","","","","Specialty","1-17周 五(7-8节)",
"18003020","专项训练与竞赛2","崂山校区","讲授","王伟","3.0","96","46","","Specialty","1-17周 一(5-6节)",
"","","","","","","","","","Specialty","1-17周 三(5-6节)",
"","","","","","","","","","Specialty","1-17周 四(7-8节)",
"18003021","专项训练与竞赛2","崂山校区","讲授","霍鑫","3.0","96","46","","Specialty","1-17周 二(5-6节)",
"","","","","","","","","","Specialty","1-17周 三(7-8节)",
"","","","","","","","","","Specialty","1-17周 五(5-6节)",
"18003022","专项训练与竞赛2","崂山校区","讲授","常晓峰","3.0","96","46","","Specialty","1-17周 三(5-8节)",
"","","","","","","","","","Specialty","1-17周 五(7-8节)",
"18003023","专项训练与竞赛2","崂山校区","讲授","刘蕊","3.0","96","46","","Specialty","1-17周 一(5-6节)",
"","","","","","","","","","Specialty","1-17周 三(5-6节)",
"","","","","","","","","","Specialty","1-17周 五(5-6节)",
"18003024","专项训练与竞赛2","崂山校区","讲授","曹娜","3.0","96","46","","Specialty","1-17周 一(5-6节)",
"","","","","","","","","","Specialty","1-17周 三(5-6节)",
"","","","","","","","","","Specialty","1-17周 五(5-6节)",
"18003017","专项训练与竞赛4","崂山校区","讲授","刘霞","3.0","96","39","","Specialty","1-17周 一(5-6节)",
"","","","","","","","","","Specialty","1-17周 三(5-6节)",
"","","","","","","","","","Specialty","1-17周 五(5-6节)",
"18003036","专项训练与竞赛4","崂山校区","讲授","王伟","3.0","96","39","","Specialty","1-17周 一(5-6节)",
"","","","","","","","","","Specialty","1-17周 三(5-6节)",
"","","","","","","","","","Specialty","1-17周 四(7-8节)",
"18003037","专项训练与竞赛4","崂山校区","讲授","王毅","3.0","96","39","","Specialty","1-17周 一(7-8节)",
"","","","","","","","","","Specialty","1-17周 三(10-11节)",
"","","","","","","","","","Specialty","1-17周 五(7-8节)",
"18003038","专项训练与竞赛4","崂山校区","讲授","霍鑫","3.0","96","39","","Specialty","1-17周 二(5-6节)",
"","","","","","","","","","Specialty","1-17周 三(7-8节)",
"","","","","","","","","","Specialty","1-17周 五(5-6节)",
"18003039","专项训练与竞赛4","崂山校区","讲授","常晓峰","3.0","96","39","","Specialty","1-17周 三(5-8节)",
"","","","","","","","","","Specialty","1-17周 五(7-8节)",
"18003040","专项训练与竞赛4","崂山校区","讲授","刘蕊","3.0","96","39","","Specialty","1-17周 一(5-6节)",
"","","","","","","","","","Specialty","1-17周 三(5-6节)",
"","","","","","","","","","Specialty","1-17周 五(5-6节)",
"18003041","专项训练与竞赛4","崂山校区","讲授","曹娜","3.0","96","39","","Specialty","1-17周 一(5-6节)",
"","","","","","","","","","Specialty","1-17周 三(5-6节)",
"","","","","","","","","","Specialty","1-17周 五(5-6节)",
"18003051","专项训练与竞赛6","崂山校区","讲授","曹娜","3.0","96","40","","Specialty","1-17周 一(5-6节)",
"","","","","","","","","","Specialty","1-17周 三(5-6节)",
"","","","","","","","","","Specialty","1-17周 五(5-6节)",
"18003052","专项训练与竞赛6","崂山校区","讲授","王伟","3.0","96","40","","Specialty","1-17周 一(5-6节)",
"","","","","","","","","","Specialty","1-17周 三(5-6节)",
"","","","","","","","","","Specialty","1-17周 四(7-8节)",
"18003053","专项训练与竞赛6","崂山校区","讲授","王毅","3.0","96","40","","Specialty","1-17周 一(7-8节)",
"","","","","","","","","","Specialty","1-17周 三(10-11节)",
"","","","","","","","","","Specialty","1-17周 五(7-8节)",
"18003054","专项训练与竞赛6","崂山校区","讲授","霍鑫","3.0","96","40","","Specialty","1-17周 二(5-6节)",
"","","","","","","","","","Specialty","1-17周 三(7-8节)",
"","","","","","","","","","Specialty","1-17周 五(5-6节)",
"18003055","专项训练与竞赛6","崂山校区","讲授","常晓峰","3.0","96","40","","Specialty","1-17周 三(5-8节)",
"","","","","","","","","","Specialty","1-17周 五(7-8节)",
"18003056","专项训练与竞赛6","崂山校区","讲授","刘蕊","3.0","96","40","","Specialty","1-17周 一(5-6节)",
"","","","","","","","","","Specialty","1-17周 三(5-6节)",
"","","","","","","","","","Specialty","1-17周 五(5-6节)",
"18003006","专项体能训练2","崂山校区","讲授","王伟","2.0","64","46","","Specialty","1-17周 二(10-11节)",
"","","","","","","","","","Specialty","1-17周 五(10-11节)",
"18003018","专项体能训练2","崂山校区","讲授","刘霞","2.0","64","46","","Specialty","1-17周 二(5-6节)",
"","","","","","","","","","Specialty","1-17周 四(10-11节)",
"18003025","专项体能训练2","崂山校区","讲授","王毅","2.0","64","46","","Specialty","1-17周 二(7-8节)",
"","","","","","","","","","Specialty","1-17周 四(5-6节)",
"18003026","专项体能训练2","崂山校区","讲授","霍鑫","2.0","64","46","","Specialty","1-17周 一(5-6节)",
"","","","","","","","","","Specialty","1-17周 四(5-6节)",
"18003027","专项体能训练2","崂山校区","讲授","常晓峰","2.0","64","46","","Specialty","1-17周 二(7-8节)",
"","","","","","","","","","Specialty","1-17周 五(5-6节)",
"18003028","专项体能训练2","崂山校区","讲授","刘蕊","2.0","64","46","","Specialty","1-17周 四(10-11节)",
"18003029","专项体能训练2","崂山校区","讲授","曹娜","2.0","64","46","","Specialty","1-17周 二(5-6节)",
"","","","","","","","","","Specialty","1-17周 四(5-6节)",
"18003005","专项教学训练理论与实践2","崂山校区","讲授","李强","13.0","416","46","","Specialty","1-17周 一(1-4节)",
"","","","","","","","","","Specialty","1-17周 一(5-8节)",
"","","","","","","","","","Specialty","1-17周 二(1-4节)",
"","","","","","","","","","Specialty","1-17周 二(5-8节)",
"","","","","","","","","","Specialty","1-17周 三(1-4节)",
"","","","","","","","","","Specialty","1-17周 三(5-8节)",
"","","","","","","","","","Specialty","1-17周 四(1-4节)",
"","","","","","","","","","Specialty","1-17周 四(5-8节)",
"","","","","","","","","","Specialty","1-17周 五(1-4节)",
"","","","","","","","","","Specialty","1-17周 五(5-8节)",
"18003015","专项教学训练理论与实践4","崂山校区","讲授","李强","13.0","416","39","","Specialty","1-17周 一(1-4节)",
"","","","","","","","","","Specialty","1-17周 一(5-8节)",
"","","","","","","","","","Specialty","1-17周 二(1-4节)",
"","","","","","","","","","Specialty","1-17周 二(5-8节)",
"","","","","","","","","","Specialty","1-17周 三(1-4节)",
"","","","","","","","","","Specialty","1-17周 三(5-8节)",
"","","","","","","","","","Specialty","1-17周 四(1-4节)",
"","","","","","","","","","Specialty","1-17周 四(5-8节)",
"","","","","","","","","","Specialty","1-17周 五(1-4节)",
"","","","","","","","","","Specialty","1-17周 五(5-8节)",
"18003049","专项教学训练理论与实践6","崂山校区","讲授","李强","13.0","416","40","","Specialty","1-17周 一(1-4节)",
"","","","","","","","","","Specialty","1-17周 一(5-8节)",
"","","","","","","","","","Specialty","1-17周 二(1-4节)",
"","","","","","","","","","Specialty","1-17周 二(5-8节)",
"","","","","","","","","","Specialty","1-17周 三(1-4节)",
"","","","","","","","","","Specialty","1-17周 三(5-8节)",
"","","","","","","","","","Specialty","1-17周 四(1-4节)",
"","","","","","","","","","Specialty","1-17周 四(5-8节)",
"","","","","","","","","","Specialty","1-17周 五(1-4节)",
"","","","","","","","","","Specialty","1-17周 五(5-8节)",
"18003002","田径","崂山校区","讲授","程晓艳","2.0","64","46","","Specialty","1-17周 三(1-2节)",
"","","","","","","","","","Specialty","1-17周 五(1-2节)",
"18003001","竞赛组织与实践1","崂山校区","讲授","程晓艳","0.5","12","46","","Specialty","1-17周 五(10-11节)",
"18003009","竞赛组织与实践2","崂山校区","讲授","程晓艳","0.5","16","39","","Specialty","1-17周 五(10-11节)",
"18003042","竞赛组织与实践3","崂山校区","讲授","程晓艳","0.5","16","40","","Specialty","1-17周 五(10-11节)",
"18003016","专项体能训练4","崂山校区","讲授","刘霞","2.0","64","39","","Specialty","1-17周 二(5-6节)",
"","","","","","","","","","Specialty","1-17周 四(10-11节)",
"18003030","专项体能训练4","崂山校区","讲授","王伟","2.0","64","39","","Specialty","1-17周 二(10-11节)",
"","","","","","","","","","Specialty","1-17周 五(10-11节)",
"18003031","专项体能训练4","崂山校区","讲授","王毅","2.0","64","39","","Specialty","1-17周 二(7-8节)",
"","","","","","","","","","Specialty","1-17周 四(5-6节)",
"18003032","专项体能训练4","崂山校区","讲授","霍鑫","2.0","64","39","","Specialty","1-17周 一(5-6节)",
"","","","","","","","","","Specialty","1-17周 四(5-6节)",
"18003033","专项体能训练4","崂山校区","讲授","常晓峰","2.0","64","39","","Specialty","1-17周 二(7-8节)",
"","","","","","","","","","Specialty","1-17周 五(5-6节)",
"18003034","专项体能训练4","崂山校区","讲授","刘蕊","2.0","64","39","","Specialty","1-17周 四(10-11节)",
"18003035","专项体能训练4","崂山校区","讲授","曹娜","2.0","64","39","","Specialty","1-17周 二(5-6节)",
"","","","","","","","","","Specialty","1-17周 四(5-6节)",
"18003050","专项体能训练6","崂山校区","讲授","曹娜","2.0","64","40","","Specialty","1-17周 二(5-6节)",
"","","","","","","","","","Specialty","1-17周 四(5-6节)",
"18003057","专项体能训练6","崂山校区","讲授","王伟","2.0","64","40","","Specialty","1-17周 二(10-11节)",
"","","","","","","","","","Specialty","1-17周 五(10-11节)",
"18003058","专项体能训练6","崂山校区","讲授","王毅","2.0","64","40","","Specialty","1-17周 二(7-8节)",
"","","","","","","","","","Specialty","1-17周 四(5-6节)",
"18003059","专项体能训练6","崂山校区","讲授","霍鑫","2.0","64","40","","Specialty","1-17周 一(5-6节)",
"","","","","","","","","","Specialty","1-17周 四(5-6节)",
"18003060","专项体能训练6","崂山校区","讲授","常晓峰","2.0","64","40","","Specialty","1-17周 二(7-8节)",
"","","","","","","","","","Specialty","1-17周 五(5-6节)",
"18003061","专项体能训练6","崂山校区","讲授","刘蕊","2.0","64","40","","Specialty","1-17周 四(10-11节)",
"18003046","体育游戏与趣味田径","崂山校区","讲授","杨多","1.0","32","40","","Specialty","1-17周 二(1-2节)",
"18003010","篮球","崂山校区","讲授","王伟","2.0","64","39","","Specialty","1-17周 三(3-4节)",
"","","","","","","","","","Specialty","1-17周 四(3-4节)",
"18003008","健美操","崂山校区","讲授","杨多","1.0","32","39","","Specialty","1-17周 二(5-6节)",
"18003043","体适能理论与方法","崂山校区","讲授","常晓峰","2.0","32","40","","Specialty","1-17周 二(3-4节)",
"18003011","体育指导与训练2","崂山校区","讲授","李强","2.0","64","39","","Specialty","1-17周 六(1-4节)",
"18003047","体育指导与训练4","崂山校区","讲授","李强","2.0","64","40","","Specialty","1-17周 六(1-4节)",
"18003062","毕业设计（论文）","崂山校区","讲授","李强","8.0","0","51","","Specialty","1-17周",
"16001002","数学分析II","崂山校区","讲授","张若军","6.0","96","120","","Specialty","1-17周 二(3-4节)",
"","","","","","","","","","Specialty","1-17周 四(3-4节)",
"","","","","","","","","","Specialty","1-17周 五(3-4节)",
"16001001","高等代数II","崂山校区","讲授","陈文轶","4.0","64","120","","Specialty","1-17周 一(3-4节)",
"","","","","","","","","","Specialty","1-17周 三(3-4节)",
"16001005","实变函数","崂山校区","讲授","魏常果","4.0","64","60","","Specialty","1-17周 一(1-2节)",
"","","","","","","","","","Specialty","1-17周 三(1-2节)",
"16001008","实变函数","崂山校区","讲授","赵元章","4.0","64","60","","Specialty","1-17周 一(1-2节)",
"","","","","","","","","","Specialty","1-17周 三(1-2节)",
"16001004","基础运筹学","崂山校区","讲授","方奇志 刘彬","3.0","48","100","","Specialty","1-17周 二(1-2节)单",
"","","","","","","","","","Specialty","1-17周 四(1-2节)",
"16001020","应用回归分析","崂山校区","讲授","孙志华","3.0","56","60","","Specialty","1-17周 二(3-4节)",
"","","","","","","","","","Specialty","1-17周 四(3-4节)双",
"16001017","图论与网络优化","崂山校区","讲授","肖汉","3.0","48","60","","Specialty","1-17周 一(5-7节)",
"16001014","软件工程","崂山校区","讲授","刘晓东","3.0","56","80","","Specialty","1-17周 一(10-11节)",
"","","","","","","","","","Specialty","1-17周 三(10-11节)",
"16001011","多元统计分析","崂山校区","讲授","刘祎","3.0","56","60","","Specialty","1-17周 二(5-7节)",
"16001016","数据挖掘","崂山校区","讲授","李芙蓉","3.0","56","80","","Specialty","1-17周 三(5-7节)",
"16001018","拓扑学","崂山校区","讲授","岳跃利","3.0","48","60","","Specialty","1-17周 二(1-2节)",
"","","","","","","","","","Specialty","1-17周 四(1-2节)单",
"16001019","微分几何","崂山校区","讲授","李明艳","3.0","48","60","","Specialty","1-17周 四(3-4节)双",
"","","","","","","","","","Specialty","1-17周 五(1-2节)",
"16001010","初等数论","崂山校区","讲授","李明艳","3.0","48","60","","Specialty","1-17周 五(10-12节)",
"16001013","偏微分方程数值解法","崂山校区","讲授","谢树森","3.0","48","30","","Specialty","1-12周 一(1-2节)",
"","","","","","","","","","Specialty","1-12周 三(1-2节)",
"16001003","概率论","崂山校区","讲授","魏立峰","4.0","64","0","","Specialty","1-17周 二(3-4节)",
"","","","","","","","","","Specialty","1-17周 四(3-4节)",
"16001006","数学模型","崂山校区","讲授","吕可波 曹永昌 陈丕炜","3.0","48","100","","Specialty","1-17周 二(10-12节)",
"16001007","数值分析","崂山校区","讲授","付红斐","4.0","80","60","","Specialty","1-17周 二(5-7节)",
"","","","","","","","","","Specialty","1-17周 三(7-8节)",
"16001009","数值分析","崂山校区","讲授","付凯","4.0","80","60","","Specialty","1-17周 二(5-7节)",
"","","","","","","","","","Specialty","1-17周 三(7-8节)",
"16001012","离散数学","崂山校区","讲授","曹永昌","3.0","48","80","","Specialty","1-17周 四(10-12节)",
"16001015","时间序列分析","崂山校区","讲授","许艳","3.0","64","60","","Specialty","1-17周 一(3-4节)",
"","","","","","","","","","Specialty","1-17周 三(3-4节)",
"16002001","C程序设计","崂山校区","讲授","赵勇","3.0","64","120","","Specialty","1-17周 二(5-6节)",
"","","","","","","","","","Specialty","1-17周 五(5-6节)",
"16002002","C程序设计","崂山校区","讲授","赵勇","3.0","64","120","","Specialty","1-17周 二(7-8节)",
"","","","","","","","","","Specialty","1-17周 五(7-8节)",
"16002003","MATLAB编程","崂山校区","讲授","施心慧","3.0","64","120","","Specialty","1-17周 三(5-6节)",
"","","","","","","","","","Specialty","1-17周 五(5-6节)",
"12001002","毕业实习","崂山校区","讲授","高金伍","4.0","0","46","","Specialty","1-6周",
"12001001","毕业论文","崂山校区","讲授","高金伍","8.0","0","46","","Specialty","1-6周",
"11004014","休闲学","崂山校区","讲授","王娟","2.0","32","40","6314（研讨）","Specialty","1-17周 二(3-4节)",
"11004006","区域旅游地理","崂山校区","讲授","王新越","3.0","51","30","6416（研讨）","Specialty","1-17周 三(5-7节)",
"20002026","行政管理概论","崂山校区","讲授","李丹","3.0","48","48","7108","Specialty","1-16周 一(7-9节)",
"20002024","经济学原理","崂山校区","讲授","王印红","3.0","48","48","7108","Specialty","1-16周 四(10-12节)",
"20002027","应用统计学","崂山校区","讲授","张泉","2.0","32","48","7110","Specialty","1-16周 一(3-4节)",
"20002017","公共政策学","崂山校区","讲授","陈琛","3.0","48","50","7113","Specialty","1-16周 五(5-7节)",
"20003023","组织行为学","崂山校区","讲授","吕建华","2.0","32","53","7111","Specialty","1-16周 一(3-4节)",
"20002016","公共管理学","崂山校区","讲授","范丛","2.0","32","50","7113","Specialty","1-16周 三(5-6节)",
"20002021","中外经典著作选读","崂山校区","讲授","陈琛","2.0","32","50","7110","Specialty","1-16周 五(1-2节)",
"20002020","行政法与行政诉讼法","崂山校区","讲授","崔野","2.0","32","90","","Specialty","1-16周 一(5-6节)",
"20002015","公共关系学","崂山校区","讲授","赵宗金","2.0","32","50","7108","Specialty","1-16周 二(3-4节)",
"20002019","社区管理","崂山校区","讲授","张良","2.5","48","90","","Specialty","1-16周 一(1-2节)",
"20003009","专业英语","崂山校区","讲授","于洋 李睿倩","2.0","32","47","7111","Specialty","1-16周 三(7-8节)",
"20002014","公共部门人力资源管理","崂山校区","讲授","梁燕","2.5","48","90","","Specialty","1-16周 三(1-2节)",
"20002002","当代中国政府与行政","崂山校区","讲授","唐丽敏","2.0","32","90","","Specialty","1-16周 五(3-4节)",
"20002003","非营利组织管理","崂山校区","讲授","毛万磊","2.0","32","90","","Specialty","1-16周 一(7-8节)",
"20002011","专业英语","崂山校区","讲授","陈琛 宋文红","2.0","32","54","7110","Specialty","1-16周 四(3-4节)",
"20002018","社会政策与社会治理","崂山校区","讲授","张一","2.0","32","50","7110","Specialty","1-16周 二(8-9节)",
"20002007","环境政策与管理（双语）","崂山校区","讲授","华峻翊","2.0","32","54","7110","Specialty","1-16周 五(8-9节)",
"20002023","公共事业管理学","崂山校区","讲授","张云昊","3.0","48","48","7110","Specialty","1-16周 二(5-7节)",
"20002009","农业农村政策学","崂山校区","讲授","张良","2.0","32","54","7108","Specialty","1-16周 三(7-8节)",
"20002008","民族学概论","崂山校区","讲授","刘敏","2.0","32","54","7112","Specialty","1-16周 四(1-2节)",
"20002006","海洋环境管理","崂山校区","讲授","苏浩","1.0","16","90","","Specialty","1-8周 二(5-6节)",
"20002010","全球治理导论（双语）","崂山校区","讲授","杨振姣","2.0","32","54","7112","Specialty","1-16周 一(3-4节)",
"20002012","公文写作","崂山校区","讲授","吴宾","2.0","40","120","","Specialty","1-12周 二(1-2节)",
"20002001","毕业论文","崂山校区","讲授","陈琛","8.0","0","41","","Specialty","1-9周",
"20002013","毕业论文","崂山校区","讲授","于洋","8.0","0","58","","Specialty","1-9周",
"20003022","行政管理学","崂山校区","讲授","王刚","4.0","64","53","7110","Specialty","1-16周 三(3-4节)",
"","","","","","","","","7110","Specialty","1-16周 五(3-4节)",
"20003019","经济学原理","崂山校区","讲授","苏浩","3.0","48","53","7110","Specialty","1-16周 四(10-12节)",
"20002028","公共事业管理学","崂山校区","讲授","陈琛 邱云秋","2.0","32","53","7110","Specialty","1-16周 一(7-8节)",
"20002025","社会调查理论与方法","崂山校区","讲授","刘敏","2.5","48","48","7110","Specialty","1-16周 三(7-8节)",
"20003020","社会调查理论与方法","崂山校区","讲授","岳桓陛","2.5","48","53","7113","Specialty","1-16周 四(1-2节)",
"20003010","SPSS统计应用","崂山校区","讲授","于洋","2.5","48","51","7111","Specialty","1-16周 四(3-4节)",
"20003013","公共组织理论","崂山校区","讲授","周兵兵","2.0","32","51","7111","Specialty","1-16周 五(5-6节)",
"20003008","土地资源管理概论","崂山校区","讲授","苏浩","2.0","32","47","7113","Specialty","1-16周 一(3-4节)",
"20003006","环境政策与管理（双语）","崂山校区","讲授","李睿倩","2.0","32","47","7111","Specialty","1-16周 五(7-8节)",
"82003004","虚拟课程(排课用)","崂山校区","讲授","排课选课","1.0","16","0","8101","PublicBasic","1-17周 四(5-6节)",
"","","","","","","","","6312（研讨）","PublicBasic","1-17周 六(1-4节)",
"","","","","","","","","8101","PublicBasic","1-17周 六(5-8节)",
"","","","","","","","","8101","PublicBasic","1-17周 六(1-4节)",
"19000129","“毛泽东&习近平”概论（选课用）","崂山校区","讲授","毕凤晓","6.0","112","130","3310","PublicBasic","1-17周 一(5-6节)",
"","","","","","","","","3310","PublicBasic","1-17周 三(5-6节)",
"","","","","","","","","3310","PublicBasic","1-17周 四(3-4节)单",
"19000130","“毛泽东&习近平”概论（选课用）","崂山校区","讲授","毕凤晓","6.0","112","130","3310","PublicBasic","1-17周 一(7-8节)",
"","","","","","","","","3310","PublicBasic","1-17周 四(1-2节)单",
"","","","","","","","","3310","PublicBasic","1-17周 三(7-8节)",
"19000131","“毛泽东&习近平”概论（选课用）","崂山校区","讲授","杨智雄","6.0","112","130","3410","PublicBasic","1-17周 四(3-4节)单",
"","","","","","","","","3410","PublicBasic","1-17周 一(5-6节)",
"","","","","","","","","3410","PublicBasic","1-17周 三(5-6节)",
"19000132","“毛泽东&习近平”概论（选课用）","崂山校区","讲授","杨智雄","6.0","112","130","3410","PublicBasic","1-17周 一(7-8节)",
"","","","","","","","","3410","PublicBasic","1-17周 三(7-8节)",
"","","","","","","","","3410","PublicBasic","1-17周 四(1-2节)单",
"19000133","“毛泽东&习近平”概论（选课用）","崂山校区","讲授","黄鹏","6.0","112","130","7001","PublicBasic","1-17周 三(3-4节)",
"","","","","","","","","7001","PublicBasic","1-17周 一(3-4节)",
"","","","","","","","","7001","PublicBasic","1-17周 五(3-4节)双",
"19000134","“毛泽东&习近平”概论（选课用）","崂山校区","讲授","黄鹏","6.0","112","130","7001","PublicBasic","1-17周 一(5-6节)",
"","","","","","","","","7001","PublicBasic","1-17周 三(5-6节)",
"","","","","","","","","7001","PublicBasic","1-17周 五(5-6节)双",
"19000135","“毛泽东&习近平”概论（选课用）","崂山校区","讲授","贾岱铮","6.0","112","130","7001","PublicBasic","1-17周 一(1-2节)",
"","","","","","","","","7001","PublicBasic","1-17周 四(3-4节)",
"","","","","","","","","7001","PublicBasic","1-17周 五(1-2节)单",
"19000136","“毛泽东&习近平”概论（选课用）","崂山校区","讲授","卞秀瑜","6.0","112","130","4201","PublicBasic","1-17周 二(7-9节)",
"","","","","","","","","4201","PublicBasic","1-17周 五(7-8节)",
"19000147","“毛泽东&习近平”概论（选课用）","鱼山校区","讲授","荆友奎 薛晓明","6.0","112","75","0102","PublicBasic","1-17周 三(5-6节)",
"","","","","","","","","0102","PublicBasic","1-17周 一(5-6节)",
"","","","","","","","","0102","PublicBasic","1-17周 五(5-6节)单",
"19000148","“毛泽东&习近平”概论（选课用）","鱼山校区","讲授","荆友奎 薛晓明","6.0","112","75","0102","PublicBasic","1-17周 一(7-8节)",
"","","","","","","","","0102","PublicBasic","1-17周 三(7-8节)",
"","","","","","","","","0102","PublicBasic","1-17周 五(7-8节)单",
"19000149","“毛泽东&习近平”概论（选课用）","鱼山校区","讲授","李艳霞","6.0","112","75","0102","PublicBasic","1-17周 五(1-2节)单",
"","","","","","","","","0102","PublicBasic","1-17周 一(1-2节)",
"","","","","","","","","0102","PublicBasic","1-17周 三(1-2节)",
"19000150","“毛泽东&习近平”概论（选课用）","鱼山校区","讲授","李艳霞","6.0","112","75","0102","PublicBasic","1-17周 一(3-4节)",
"","","","","","","","","0102","PublicBasic","1-17周 五(3-4节)单",
"","","","","","","","","0102","PublicBasic","1-17周 三(3-4节)",
"19000163","“毛泽东&习近平”概论（选课用）","西海岸校区","讲授","黄盛","6.0","112","75","南107/106","PublicBasic","1-17周 三(3-4节)单",
"","","","","","","","","南107/106","PublicBasic","1-17周 二(1-2节)",
"","","","","","","","","南107/106","PublicBasic","1-17周 五(3-4节)",
"19000164","“毛泽东&习近平”概论（选课用）","西海岸校区","讲授","黄盛","6.0","112","75","南107/106","PublicBasic","1-17周 二(3-4节)",
"","","","","","","","","南107/106","PublicBasic","1-17周 五(1-2节)",
"","","","","","","","","南107/106","PublicBasic","1-17周 三(1-2节)单",
"19000165","“毛泽东&习近平”概论（选课用）","西海岸校区","讲授","李壮","6.0","112","75","南105/104","PublicBasic","1-17周 二(3-4节)",
"","","","","","","","","南107/106","PublicBasic","1-17周 一(1-2节)",
"","","","","","","","","南107/106","PublicBasic","1-17周 三(1-2节)双",
"19000166","“毛泽东&习近平”概论（选课用）","西海岸校区","讲授","李壮","6.0","112","75","南107/106","PublicBasic","1-17周 三(3-4节)双",
"","","","","","","","","南107/106","PublicBasic","1-17周 一(3-4节)",
"","","","","","","","","南105/104","PublicBasic","1-17周 二(1-2节)",
"01001050","海洋学2","崂山校区","讲授","王辉","3.0","48","50","7105","PublicBasic","1-17周 三(5-7节)",
"01001052","海洋学2","鱼山校区","讲授","李磊","3.0","48","80","0201","PublicBasic","1-17周 三(5-7节)",
"01001051","海洋学3","崂山校区","讲授","孙建","2.0","32","150","3410","PublicBasic","1-17周 一(3-4节)",
"09001001","工程制图","崂山校区","讲授","金玉丽","3.0","48","80","2703","PublicBasic","1-17周 一(5-7节)",
"09001002","工程制图","崂山校区","讲授","金玉丽","3.0","48","80","2505","PublicBasic","1-17周 二(5-7节)",
"09001003","工程制图","崂山校区","讲授","宋丽娜","3.0","48","80","2703","PublicBasic","1-17周 二(5-7节)",
"09001004","工程制图","崂山校区","讲授","宋丽娜","3.0","48","80","2703","PublicBasic","1-17周 三(5-7节)",
"09001005","工程制图","西海岸校区","讲授","张千里","3.0","48","50","南230/229","PublicBasic","1-17周 二(7-9节)",
"19000017","中国近现代史纲要","崂山校区","讲授","张吉舜","3.0","64","70","7102","PublicBasic","1-17周 一(1-2节)",
"19000018","中国近现代史纲要","崂山校区","讲授","张吉舜","3.0","64","70","7102","PublicBasic","1-17周 一(3-4节)",
"19000019","中国近现代史纲要","崂山校区","讲授","景菲菲","3.0","64","70","7102","PublicBasic","1-17周 一(5-6节)",
"19000020","中国近现代史纲要","崂山校区","讲授","景菲菲","3.0","64","70","7102","PublicBasic","1-17周 一(7-8节)",
"19000021","中国近现代史纲要","崂山校区","讲授","蔡勤禹","3.0","64","70","7202","PublicBasic","1-17周 一(5-6节)",
"19000022","中国近现代史纲要","崂山校区","讲授","蔡勤禹","3.0","64","70","7202","PublicBasic","1-17周 一(7-8节)",
"19000023","中国近现代史纲要","崂山校区","讲授","张运君","3.0","64","70","7102","PublicBasic","1-17周 二(1-2节)",
"19000024","中国近现代史纲要","崂山校区","讲授","张运君","3.0","64","70","7102","PublicBasic","1-17周 二(3-4节)",
"19000025","中国近现代史纲要","崂山校区","讲授","曹书林","3.0","64","70","7202","PublicBasic","1-17周 二(3-4节)",
"19000026","中国近现代史纲要","崂山校区","讲授","曹书林","3.0","64","70","7202","PublicBasic","1-17周 二(5-6节)",
"19000027","中国近现代史纲要","崂山校区","讲授","魏鹤鸣","3.0","64","70","7102","PublicBasic","1-17周 二(5-6节)",
"19000028","中国近现代史纲要","崂山校区","讲授","魏鹤鸣","3.0","64","70","7102","PublicBasic","1-17周 二(7-8节)",
"19000029","中国近现代史纲要","崂山校区","讲授","王洪兵","3.0","64","70","7102","PublicBasic","1-17周 三(5-6节)",
"19000030","中国近现代史纲要","崂山校区","讲授","王洪兵","3.0","64","70","7102","PublicBasic","1-17周 三(7-8节)",
"19000031","中国近现代史纲要","崂山校区","讲授","魏坡","3.0","64","70","7304","PublicBasic","1-17周 三(5-6节)",
"19000032","中国近现代史纲要","崂山校区","讲授","魏坡","3.0","64","70","7304","PublicBasic","1-17周 三(7-8节)",
"19000033","中国近现代史纲要","崂山校区","讲授","王绪杰","3.0","64","70","7102","PublicBasic","1-17周 四(1-2节)",
"19000034","中国近现代史纲要","崂山校区","讲授","王绪杰","3.0","64","70","7102","PublicBasic","1-17周 四(3-4节)",
"19000035","中国近现代史纲要","崂山校区","讲授","梁山","3.0","64","70","7104","PublicBasic","1-17周 四(1-2节)",
"19000036","中国近现代史纲要","崂山校区","讲授","梁山","3.0","64","70","7104","PublicBasic","1-17周 四(3-4节)",
"19000037","中国近现代史纲要","崂山校区","讲授","赵晶","3.0","64","70","7204","PublicBasic","1-17周 四(3-4节)",
"19000038","中国近现代史纲要","崂山校区","讲授","赵晶","3.0","64","70","7204","PublicBasic","1-17周 五(3-4节)",
"19000039","中国近现代史纲要","崂山校区","讲授","张岳红","3.0","64","70","5402","PublicBasic","1-17周 四(3-4节)",
"19000040","中国近现代史纲要","崂山校区","讲授","张岳红","3.0","64","70","5402","PublicBasic","1-17周 五(5-6节)",
"19000041","中国近现代史纲要","崂山校区","讲授","刘永祥","3.0","64","70","7102","PublicBasic","1-17周 五(1-2节)",
"19000042","中国近现代史纲要","崂山校区","讲授","刘永祥","3.0","64","70","7102","PublicBasic","1-17周 五(3-4节)",
"19000043","中国近现代史纲要","崂山校区","讲授","刘希洋","3.0","64","70","7102","PublicBasic","1-17周 五(5-6节)",
"19000044","中国近现代史纲要","崂山校区","讲授","刘希洋","3.0","64","70","7102","PublicBasic","1-17周 五(7-8节)",
"19000045","中国近现代史纲要","崂山校区","讲授","孙笑颜","3.0","64","70","7104","PublicBasic","1-17周 五(5-6节)",
"19000046","中国近现代史纲要","崂山校区","讲授","孙笑颜","3.0","64","70","7104","PublicBasic","1-17周 五(7-8节)",
"19000144","中国近现代史纲要","鱼山校区","讲授","刘永祥","3.0","64","80","0104","PublicBasic","1-17周 三(3-4节)",
"19000160","中国近现代史纲要","西海岸校区","讲授","王绪杰","3.0","64","60","南216/215","PublicBasic","1-17周 三(3-4节)",
"19000001","思想道德与法治","崂山校区","讲授","曹晟旻","3.0","48","100","3208","PublicBasic","1-17周 一(5-7节)",
"19000002","思想道德与法治","崂山校区","讲授","曹晟旻","3.0","48","100","3208","PublicBasic","1-17周 二(5-7节)",
"19000003","思想道德与法治","崂山校区","讲授","孙艺格","3.0","48","100","3308","PublicBasic","1-17周 一(5-7节)",
"19000004","思想道德与法治","崂山校区","讲授","孙艺格","3.0","48","100","3308","PublicBasic","1-17周 二(5-7节)",
"19000005","思想道德与法治","崂山校区","讲授","董振娟","3.0","48","100","7101","PublicBasic","1-17周 二(5-7节)",
"19000006","思想道德与法治","崂山校区","讲授","董振娟","3.0","48","100","7101","PublicBasic","1-17周 三(5-7节)",
"19000007","思想道德与法治","崂山校区","讲授","王磊","3.0","48","100","3408","PublicBasic","1-17周 二(5-7节)",
"19000008","思想道德与法治","崂山校区","讲授","王磊","3.0","48","100","3408","PublicBasic","1-17周 五(5-7节)",
"19000009","思想道德与法治","崂山校区","讲授","韩向臣","3.0","48","100","3208","PublicBasic","1-17周 二(10-12节)",
"19000010","思想道德与法治","崂山校区","讲授","韩向臣","3.0","48","100","3208","PublicBasic","1-17周 五(5-7节)",
"19000011","思想道德与法治","崂山校区","讲授","李晓伟","3.0","48","100","3308","PublicBasic","1-17周 三(5-7节)",
"19000012","思想道德与法治","崂山校区","讲授","李晓伟","3.0","48","100","3308","PublicBasic","1-17周 三(10-12节)",
"19000013","思想道德与法治","崂山校区","讲授","李鸽","3.0","48","100","3208","PublicBasic","1-17周 三(5-7节)",
"19000014","思想道德与法治","崂山校区","讲授","李鸽","3.0","48","100","3208","PublicBasic","1-17周 三(10-12节)",
"19000015","思想道德与法治","崂山校区","讲授","王付欣","3.0","48","50","6415（研讨）","PublicBasic","1-17周 二(1-2节)双",
"","","","","","","","","6415（研讨）","PublicBasic","1-17周 四(1-2节)",
"19000016","思想道德与法治","崂山校区","讲授","王付欣","3.0","48","50","6415（研讨）","PublicBasic","1-17周 四(3-4节)",
"","","","","","","","","6415（研讨）","PublicBasic","1-17周 二(3-4节)双",
"19000143","思想道德与法治","鱼山校区","讲授","杨新玉","3.0","48","80","0104","PublicBasic","1-17周 三(5-7节)",
"19000159","思想道德与法治","西海岸校区","讲授","王枚","3.0","48","60","南216/215","PublicBasic","1-17周 三(5-7节)",
"19000047","马克思主义基本原理","崂山校区","讲授","孙萌萌","3.0","48","70","7104","PublicBasic","1-17周 一(5-7节)",
"19000048","马克思主义基本原理","崂山校区","讲授","孙萌萌","3.0","48","70","7104","PublicBasic","1-17周 二(5-7节)",
"19000049","马克思主义基本原理","崂山校区","讲授","孙恺临","3.0","48","70","7302","PublicBasic","1-17周 一(5-7节)",
"19000050","马克思主义基本原理","崂山校区","讲授","孙恺临","3.0","48","70","7302","PublicBasic","1-17周 二(5-7节)",
"19000051","马克思主义基本原理","崂山校区","讲授","季岸先","3.0","48","70","7204","PublicBasic","1-17周 一(5-7节)",
"19000052","马克思主义基本原理","崂山校区","讲授","季岸先","3.0","48","70","7204","PublicBasic","1-17周 五(5-7节)",
"19000053","马克思主义基本原理","崂山校区","讲授","孙恩慧","3.0","48","70","7304","PublicBasic","1-17周 一(5-7节)",
"19000054","马克思主义基本原理","崂山校区","讲授","孙恩慧","3.0","48","70","7304","PublicBasic","1-17周 五(5-7节)",
"19000055","马克思主义基本原理","崂山校区","讲授","许欢","3.0","48","70","7202","PublicBasic","1-17周 二(7-9节)",
"19000056","马克思主义基本原理","崂山校区","讲授","许欢","3.0","48","70","7202","PublicBasic","1-17周 三(5-7节)",
"19000057","马克思主义基本原理","崂山校区","讲授","张健","3.0","48","70","7204","PublicBasic","1-17周 二(7-9节)",
"19000058","马克思主义基本原理","崂山校区","讲授","张健","3.0","48","70","7204","PublicBasic","1-17周 三(5-7节)",
"19000059","马克思主义基本原理","崂山校区","讲授","杨生照","3.0","48","70","7302","PublicBasic","1-17周 三(5-7节)",
"19000060","马克思主义基本原理","崂山校区","讲授","杨生照","3.0","48","70","7302","PublicBasic","1-17周 五(5-7节)",
"19000061","马克思主义基本原理","崂山校区","讲授","杨晓斌","3.0","48","70","7304","PublicBasic","1-17周 二(5-7节)",
"19000062","马克思主义基本原理","崂山校区","讲授","韦雷雷","3.0","48","60","5308","PublicBasic","1-17周 三(7-9节)",
"19000063","马克思主义基本原理","崂山校区","讲授","韦雷雷","3.0","48","60","5308","PublicBasic","1-17周 五(7-9节)",
"19000064","马克思主义基本原理","崂山校区","讲授","王凯","3.0","48","60","5309","PublicBasic","1-17周 三(7-9节)",
"19000065","马克思主义基本原理","崂山校区","讲授","王凯","3.0","48","60","5309","PublicBasic","1-17周 五(5-7节)",
"19000145","马克思主义基本原理","鱼山校区","讲授","江宏春","3.0","48","100","0101","PublicBasic","1-17周 一(5-7节)",
"19000146","马克思主义基本原理","鱼山校区","讲授","江宏春","3.0","48","100","0101","PublicBasic","1-17周 三(5-7节)",
"19000161","马克思主义基本原理","西海岸校区","讲授","杨晓斌","3.0","48","110","南304/303","PublicBasic","1-17周 一(5-7节)",
"19000162","马克思主义基本原理","西海岸校区","讲授","杨晓斌","3.0","48","110","南304/303","PublicBasic","1-17周 一(10-12节)",
"19000137","毛泽东思想和中国特色社会主义理论体系概论","崂山校区","讲授","隋筱童","3.0","56","70","7104","PublicBasic","1-17周 三(5-6节)双",
"","","","","","","","","7104","PublicBasic","1-17周 三(5-7节)单",
"19000138","毛泽东思想和中国特色社会主义理论体系概论","崂山校区","讲授","张春晓","3.0","56","70","5308","PublicBasic","1-17周 二(7-9节)单",
"","","","","","","","","5308","PublicBasic","1-17周 二(7-8节)双",
"19000139","毛泽东思想和中国特色社会主义理论体系概论","崂山校区","讲授","张亮","3.0","56","70","5309","PublicBasic","1-17周 二(5-7节)单",
"","","","","","","","","5309","PublicBasic","1-17周 二(5-6节)双",
"19000140","毛泽东思想和中国特色社会主义理论体系概论","崂山校区","讲授","刘乔","3.0","56","70","5309","PublicBasic","1-17周 一(5-6节)双",
"","","","","","","","","5309","PublicBasic","1-17周 一(5-7节)单",
"19000141","习近平新时代中国特色社会主义思想概论","崂山校区","讲授","张燕","3.0","56","125","4102","PublicBasic","1-17周 二(7-9节)双",
"","","","","","","","","4102","PublicBasic","1-17周 二(7-8节)单",
"19000142","习近平新时代中国特色社会主义思想概论","崂山校区","讲授","张燕","3.0","56","125","4102","PublicBasic","1-17周 三(7-9节)双",
"","","","","","","","","4102","PublicBasic","1-17周 三(7-8节)单",
"19000081","形势与政策-2023春","崂山校区","讲授","李鸽","0.25","8","200","4202","PublicBasic","3-6周 一(1-2节)",
"19000082","形势与政策-2023春","崂山校区","讲授","李鸽","0.25","8","200","4202","PublicBasic","3-6周 一(3-4节)",
"19000083","形势与政策-2023春","崂山校区","讲授","李鸽","0.25","8","200","4202","PublicBasic","3-6周 一(5-6节)",
"19000084","形势与政策-2023春","崂山校区","讲授","李鸽","0.25","8","200","4202","PublicBasic","3-6周 一(7-8节)",
"19000085","形势与政策-2023春","崂山校区","讲授","黄鹏","0.25","8","200","4202","PublicBasic","3-6周 二(1-2节)",
"19000086","形势与政策-2023春","崂山校区","讲授","黄鹏","0.25","8","200","4202","PublicBasic","3-6周 二(3-4节)",
"19000087","形势与政策-2023春","崂山校区","讲授","黄鹏","0.25","8","200","4202","PublicBasic","3-6周 二(5-6节)",
"19000088","形势与政策-2023春","崂山校区","讲授","黄鹏","0.25","8","200","4202","PublicBasic","3-6周 二(7-8节)",
"19000089","形势与政策-2023春","崂山校区","讲授","贾岱铮","0.25","8","200","4202","PublicBasic","3-6周 三(1-2节)",
"19000090","形势与政策-2023春","崂山校区","讲授","贾岱铮","0.25","8","200","4202","PublicBasic","3-6周 三(3-4节)",
"19000091","形势与政策-2023春","崂山校区","讲授","贾岱铮","0.25","8","200","4202","PublicBasic","3-6周 三(5-6节)",
"19000092","形势与政策-2023春","崂山校区","讲授","贾岱铮","0.25","8","200","4202","PublicBasic","3-6周 三(7-8节)",
"19000093","形势与政策-2023春","崂山校区","讲授","杨智雄","0.25","8","200","4202","PublicBasic","3-6周 五(1-2节)",
"19000094","形势与政策-2023春","崂山校区","讲授","杨智雄","0.25","8","200","4202","PublicBasic","3-6周 五(3-4节)",
"19000095","形势与政策-2023春","崂山校区","讲授","杨智雄","0.25","8","200","4202","PublicBasic","3-6周 五(5-6节)",
"19000096","形势与政策-2023春","崂山校区","讲授","杨智雄","0.25","8","200","4202","PublicBasic","3-6周 五(7-8节)",
"19000097","形势与政策-2023春","崂山校区","讲授","梁山","0.25","8","200","4202","PublicBasic","7-11周 一(1-2节)",
"19000098","形势与政策-2023春","崂山校区","讲授","梁山","0.25","8","200","4202","PublicBasic","7-11周 一(3-4节)",
"19000099","形势与政策-2023春","崂山校区","讲授","梁山","0.25","8","200","4202","PublicBasic","7-11周 一(5-6节)",
"19000100","形势与政策-2023春","崂山校区","讲授","梁山","0.25","8","200","4202","PublicBasic","7-11周 一(7-8节)",
"19000101","形势与政策-2023春","崂山校区","讲授","张吉舜","0.25","8","200","4202","PublicBasic","7-11周 二(1-2节)",
"19000102","形势与政策-2023春","崂山校区","讲授","张吉舜","0.25","8","200","4202","PublicBasic","7-11周 二(3-4节)",
"19000103","形势与政策-2023春","崂山校区","讲授","张吉舜","0.25","8","200","4202","PublicBasic","7-11周 二(5-6节)",
"19000104","形势与政策-2023春","崂山校区","讲授","张吉舜","0.25","8","200","4202","PublicBasic","7-11周 二(7-8节)",
"19000105","形势与政策-2023春","崂山校区","讲授","张春晓","0.25","8","200","4202","PublicBasic","7-11周 三(1-2节)",
"19000106","形势与政策-2023春","崂山校区","讲授","张春晓","0.25","8","200","4202","PublicBasic","7-11周 三(3-4节)",
"19000107","形势与政策-2023春","崂山校区","讲授","张春晓","0.25","8","200","4202","PublicBasic","7-11周 三(5-6节)",
"19000108","形势与政策-2023春","崂山校区","讲授","张春晓","0.25","8","200","4202","PublicBasic","7-11周 三(7-8节)",
"19000109","形势与政策-2023春","崂山校区","讲授","张坤珵","0.25","8","200","4202","PublicBasic","7-11周 五(1-2节)",
"19000110","形势与政策-2023春","崂山校区","讲授","张坤珵","0.25","8","200","4202","PublicBasic","7-11周 五(3-4节)",
"19000111","形势与政策-2023春","崂山校区","讲授","张坤珵","0.25","8","200","4202","PublicBasic","7-11周 五(5-6节)",
"19000112","形势与政策-2023春","崂山校区","讲授","张坤珵","0.25","8","200","4202","PublicBasic","7-11周 五(7-8节)",
"19000113","形势与政策-2023春","崂山校区","讲授","连雪晴","0.25","8","200","4202","PublicBasic","12-15周 一(1-2节)",
"19000114","形势与政策-2023春","崂山校区","讲授","连雪晴","0.25","8","200","4202","PublicBasic","12-15周 一(3-4节)",
"19000115","形势与政策-2023春","崂山校区","讲授","连雪晴","0.25","8","200","4202","PublicBasic","12-15周 一(5-6节)",
"19000116","形势与政策-2023春","崂山校区","讲授","连雪晴","0.25","8","200","4202","PublicBasic","12-15周 一(7-8节)",
"19000117","形势与政策-2023春","崂山校区","讲授","黄鹏","0.25","8","200","4202","PublicBasic","12-15周 二(1-2节)",
"19000118","形势与政策-2023春","崂山校区","讲授","黄鹏","0.25","8","200","4202","PublicBasic","12-15周 二(3-4节)",
"19000119","形势与政策-2023春","崂山校区","讲授","黄鹏","0.25","8","200","4202","PublicBasic","12-15周 二(5-6节)",
"19000120","形势与政策-2023春","崂山校区","讲授","黄鹏","0.25","8","200","4202","PublicBasic","12-15周 二(7-8节)",
"19000121","形势与政策-2023春","崂山校区","讲授","刘晓玮","0.25","8","200","4202","PublicBasic","12-15周 三(1-2节)",
"19000122","形势与政策-2023春","崂山校区","讲授","刘晓玮","0.25","8","200","4202","PublicBasic","12-15周 三(3-4节)",
"19000123","形势与政策-2023春","崂山校区","讲授","刘晓玮","0.25","8","200","4202","PublicBasic","12-15周 三(5-6节)",
"19000124","形势与政策-2023春","崂山校区","讲授","刘晓玮","0.25","8","200","4202","PublicBasic","12-15周 三(7-8节)",
"19000125","形势与政策-2023春","崂山校区","讲授","隋筱童","0.25","8","200","4202","PublicBasic","12-15周 五(1-2节)",
"19000126","形势与政策-2023春","崂山校区","讲授","隋筱童","0.25","8","200","4202","PublicBasic","12-15周 五(3-4节)",
"19000127","形势与政策-2023春","崂山校区","讲授","隋筱童","0.25","8","200","4202","PublicBasic","12-15周 五(5-6节)",
"19000128","形势与政策-2023春","崂山校区","讲授","隋筱童","0.25","8","200","4202","PublicBasic","12-15周 五(7-8节)",
"19000152","形势与政策-2023春","鱼山校区","讲授","郭新昌","0.25","8","150","0101","PublicBasic","3-6周 日(1-2节)",
"19000153","形势与政策-2023春","鱼山校区","讲授","郭新昌","0.25","8","150","0101","PublicBasic","3-6周 日(3-4节)",
"19000154","形势与政策-2023春","鱼山校区","讲授","郭新昌","0.25","8","150","0101","PublicBasic","3-6周 日(5-6节)",
"19000155","形势与政策-2023春","鱼山校区","讲授","贾希望","0.25","8","150","0101","PublicBasic","7-11周 日(1-2节)",
"19000156","形势与政策-2023春","鱼山校区","讲授","贾希望","0.25","8","150","0101","PublicBasic","7-11周 日(3-4节)",
"19000157","形势与政策-2023春","鱼山校区","讲授","贾希望","0.25","8","150","0101","PublicBasic","7-11周 日(5-6节)",
"18002003","学习的科学与技术","崂山校区","讲授","陈凯泉","2.0","32","60","5306","Common","1-17周 五(10-11节)",
"19000182","科学哲学导论","崂山校区","讲授","许欢","2.0","32","70","7104","Common","1-17周 三(10-11节)",
"19000207","科学哲学导论","西海岸校区","讲授","江宏春","2.0","32","65","南216/215","Common","1-17周 五(3-4节)",
"19000208","科学哲学导论","西海岸校区","讲授","江宏春","2.0","32","65","南216/215","Common","1-17周 五(5-6节)",
"06002034","模式生物的发育与进化","鱼山校区","讲授","龙红岸","2.0","32","50","0103","Common","1-17周 五(5-6节)",
"04002025","海洋地质概论","崂山校区","讲授","乔璐璐","2.0","32","100","3508","Common","1-17周 二(5-6节)",
"04002027","海洋地质概论","西海岸校区","讲授","王光增","2.0","32","50","南214/213","Common","1-17周 一(3-4节)",
"04002024","环境地质概论","崂山校区","讲授","吴晓","2.0","32","50","6314（研讨）","Common","1-17周 四(3-4节)",
"82106001","外交礼仪","崂山校区","讲授","于诗雯","2.0","32","40","6312（研讨）","Common","1-17周 一(7-8节)",
"19000186","社会心理学","崂山校区","讲授","董振娟","2.0","32","70","7104","Common","1-17周 三(1-2节)",
"20001021","国际关系入门","西海岸校区","讲授","管颖","2.0","32","50","南216/215","Common","1-17周 二(5-6节)",
"19000181","家庭社会学","崂山校区","讲授","王枚","2.0","32","120","3310","Common","1-17周 五(3-4节)",
"19000206","家庭社会学","西海岸校区","讲授","王枚","2.0","32","120","南304/303","Common","1-17周 三(3-4节)",
"15002091","法律故事与诉讼文化","崂山校区","讲授","李华","2.0","32","50","6317（研讨）","Common","1-17周 一(3-4节)",
"15002092","法律故事与诉讼文化","鱼山校区","讲授","李华","2.0","32","50","0103","Common","1-17周 一(7-8节)",
"12001127","海洋经济学概论","崂山校区","讲授","马彩华","2.0","32","120","4201","Common","1-17周 三(7-8节)",
"14002003","大众传媒与社会","崂山校区","讲授","刘佳","2.0","32","40","6413（研讨）","Common","1-17周 一(3-4节)",
"14002004","大众传媒与社会","崂山校区","讲授","刘佳","2.0","32","40","6413（研讨）","Common","1-17周 五(5-6节)",
"18002006","脑、认知与行为","崂山校区","讲授","于晓丹","2.0","32","40","6414（研讨）","Common","1-17周 二(3-4节)",
"18002007","脑、认知与行为","崂山校区","讲授","于晓丹","2.0","32","40","6414（研讨）","Common","1-17周 二(5-6节)",
"12002093","走进经济学","西海岸校区","讲授","张继华 许罕多","2.0","32","50","南204/203","Common","1-17周 四(3-4节)",
"97002002","大学生积极心态塑造","崂山校区","讲授","张迪","2.0","32","40","6413（研讨）","Common","1-17周 二(3-4节)",
"18002008","教育哲学导论","崂山校区","讲授","王海涛","2.0","32","50","6412（研讨）","Common","1-17周 四(3-4节)",
"20001019","政治学入门","崂山校区","讲授","王通","2.0","32","80","6316（研讨）","Common","1-17周 一(5-6节)",
"20001020","政治学入门","西海岸校区","讲授","王通 弓联兵","2.0","32","150","南206/205","Common","1-17周 二(5-6节)",
"14001009","中国现当代文学","崂山校区","讲授","徐向昱","2.0","32","80","6316（研讨）","Common","1-17周 五(8-9节)",
"14001001","中外海洋文学名著导读与欣赏","崂山校区","讲授","丁玉柱","2.0","32","50","6316（研讨）","Common","1-17周 二(1-2节)",
"02003013","超越时空的认识世界新手段-虚拟现实","西海岸校区","讲授","解翠","2.0","32","40","北401/402（研讨）","Common","1-17周 五(3-4节)",
"04002026","地球科学导论","崂山校区","讲授","赵广涛","2.0","32","50","6317（研讨）","Common","1-17周 二(3-4节)",
"04002028","地球科学导论","西海岸校区","讲授","刘琳 闫伟超","2.0","32","50","南230/229","Common","1-17周 一(7-8节)",
"05001001","生命科学导论","崂山校区","讲授","华尔","2.0","32","60","5404","Common","1-17周 二(5-6节)",
"05001004","生态文明","崂山校区","讲授","王诗红","2.0","32","60","7105","Common","1-17周 一(5-6节)",
"05001005","生态文明","崂山校区","讲授","王诗红","2.0","32","60","7105","Common","1-17周 二(5-6节)",
"09004001","自动化技术漫谈","崂山校区","讲授","周丽芹","2.0","32","40","6210","Common","1-17周 五(5-6节)",
"82106002","国际辩论","崂山校区","讲授","外聘(涉海)","2.0","32","24","6417（研讨）","Common","1-17周 三(5-6节)",
"02003012","算法大视界*","崂山校区","讲授","魏振钢","3.0","48","40","6411（研讨）","Common","1-17周 三(10-12节)",
"14001007","中国现当代文学经典作品赏析","崂山校区","讲授","王平","2.0","32","50","6314（研讨）","Common","1-17周 一(5-6节)",
"14001003","《世说新语》的国学密码解析*","崂山校区","讲授","丁玉柱","3.0","48","60","6316（研讨）","Common","1-17周 五(5-7节)",
"14001012","海上丝路视野的中国文学与文化创新*","崂山校区","讲授","薛海燕","3.0","48","50","6415（研讨）","Common","1-17周 一(5-7节)",
"14001013","海上丝路视野的中国文学与文化创新*","崂山校区","讲授","薛海燕","3.0","48","50","6415（研讨）","Common","1-17周 二(5-7节)",
"09001007","工程思维与创意行动","西海岸校区","讲授","宋丽娜","2.0","32","50","南214/213","Common","1-17周 四(3-4节)",
"12002091","财富管理的智慧","崂山校区","讲授","郑慧","2.0","32","40","6313（研讨）","Common","1-17周 一(3-4节)",
"18006013","中国经典流行音乐鉴赏","崂山校区","讲授","孙赟","2.0","32","50","6412（研讨）","Common","1-17周 三(3-4节)",
"18006014","中国经典流行音乐鉴赏","崂山校区","讲授","孙赟","2.0","32","50","6412（研讨）","Common","1-17周 三(5-6节)",
"12001126","中国海洋文明史专题","崂山校区","讲授","杨强","2.0","32","40","6317（研讨）","Common","1-17周 五(3-4节)",
"14003001","摄影技术与艺术","崂山校区","讲授","李刚","2.0","32","40","文新N407","Common","1-8周 六(5-8节)",
"14002009","漫画创作与鉴赏","崂山校区","讲授","郑鑫","2.0","32","40","6313（研讨）","Common","1-17周 四(1-2节)",
"14002010","漫画创作与鉴赏","崂山校区","讲授","郑鑫","2.0","32","40","6313（研讨）","Common","1-17周 二(3-4节)",
"18006011","汉族民歌与文化","崂山校区","讲授","孙赟","2.0","32","50","6412（研讨）","Common","1-17周 二(3-4节)",
"18006012","汉族民歌与文化","崂山校区","讲授","孙赟","2.0","32","50","6412（研讨）","Common","1-17周 二(5-6节)",
"82003007","航海技术与游艇驾驶基础","崂山校区","讲授","外聘(游艇)","2.0","32","24","","Common","1-8周 六(1-4节)",
"","","","","","","","","","Common","1-8周 六(5-8节)",
"19000184","《论语》导读","崂山校区","讲授","杨生照","2.0","32","65","7104","Common","1-17周 三(3-4节)",
"19000185","《论语》导读","崂山校区","讲授","杨生照","2.0","32","65","7104","Common","1-17周 五(3-4节)",
"07001075","围棋与中国文化","西海岸校区","讲授","齐祥明","2.0","32","50","南230/229","Common","1-17周 五(5-6节)",
"19000205","中美关系","鱼山校区","讲授","郭新昌","2.0","32","70","0104","Common","1-17周 二(7-8节)",
"14002005","世界优秀影片赏析","崂山校区","讲授","柴焰 刘佳 王小强","2.0","32","50","6411（研讨）","Common","1-17周 二(5-6节)",
"14002006","世界优秀影片赏析","崂山校区","讲授","柴焰 刘佳 王小强","2.0","32","50","6411（研讨）","Common","1-17周 三(5-6节)",
"18006003","中国古代绘画里的文化和生活","崂山校区","讲授","张锦莉","2.0","32","42","6313（研讨）","Common","1-17周 四(3-4节)",
"18006004","中国古代绘画里的文化和生活","崂山校区","讲授","张锦莉","2.0","32","42","6313（研讨）","Common","1-17周 五(3-4节)",
"05001002","食之有道*","崂山校区","讲授","焉翠蔚","3.0","48","40","6317（研讨）","Common","1-17周 五(5-7节)",
"05001006","食之有道*","鱼山校区","讲授","焉翠蔚","3.0","48","40","0108","Common","1-17周 三(5-7节)",
"16001112","数学思想与文化","崂山校区","讲授","张若军","2.0","32","50","6315（研讨）","Common","1-17周 二(5-6节)",
"16001113","数学思想与文化","崂山校区","讲授","刘晓东","2.0","32","50","6315（研讨）","Common","1-17周 一(5-6节)",
"97002003","人格心理学","鱼山校区","讲授","吴连海","2.0","32","60","0102","Common","1-17周 二(3-4节)",
"97002004","人格心理学","鱼山校区","讲授","吴连海","2.0","32","60","0102","Common","1-17周 二(10-11节)",
"11001022","企业角色扮演与协作","崂山校区","讲授","张竞元","2.0","32","40","管院103","Common","1-8周 二(5-8节)",
"18002002","亲职教育","崂山校区","讲授","乔莉","2.0","32","60","6316（研讨）","Common","1-17周 五(3-4节)",
"14001006","古汉字与先秦文明","崂山校区","讲授","杨瑞芳","2.0","32","35","6414（研讨）","Common","1-8周 三(3-4节)",
"","","","","","","","","6414（研讨）","Common","1-8周 三(5-6节)",
"05002001","环境保护与生态建设","崂山校区","讲授","黄健","2.0","32","100","3308","Common","1-17周 一(1-2节)",
"18006017","精品赏析与演唱技能","崂山校区","讲授","傅晓杉","2.0","32","50","6413（研讨）","Common","1-17周 三(5-6节)",
"18006018","精品赏析与演唱技能","崂山校区","讲授","傅晓杉","2.0","32","50","6413（研讨）","Common","1-17周 三(7-8节)",
"09001006","桥牌入门","崂山校区","讲授","崔俊山","2.0","32","50","6210","Common","1-17周 五(7-8节)",
"18006020","西洋乐器艺术鉴赏","鱼山校区","讲授","庄妍","2.0","32","40","0106","Common","1-17周 二(3-4节)",
"04002022","珠宝玉石鉴赏","崂山校区","讲授","韩宗珠 王誉桦 陈龙","2.0","32","50","6412（研讨）","Common","1-17周 一(7-8节)",
"04002023","珠宝玉石鉴赏","崂山校区","讲授","韩宗珠 陈龙","2.0","32","50","6412（研讨）","Common","1-17周 五(7-8节)",
"18006001","律动与音乐欣赏","崂山校区","讲授","董岩冰","2.0","32","36","7113","Common","1-17周 二(5-6节)",
"18006002","律动与音乐欣赏","崂山校区","讲授","董岩冰","2.0","32","36","7113","Common","1-17周 二(7-8节)",
"18006019","律动与音乐欣赏","鱼山校区","讲授","董岩冰","2.0","32","36","0106","Common","1-17周 三(5-6节)",
"18006005","西方戏剧鉴赏","崂山校区","讲授","朱琳","2.0","32","30","6416（研讨）","Common","1-17周 二(3-4节)",
"18006006","西方戏剧鉴赏","崂山校区","讲授","朱琳","2.0","32","30","6416（研讨）","Common","1-17周 三(3-4节)",
"18006007","西方戏剧鉴赏","崂山校区","讲授","朱琳","2.0","32","30","6416（研讨）","Common","1-17周 四(3-4节)",
"14001002","《道德经》的智慧启示","崂山校区","讲授","丁玉柱","2.0","32","50","6316（研讨）","Common","1-17周 五(1-2节)",
"12001125","日本社会与文化","崂山校区","讲授","王璇","2.0","32","145","4202","Common","1-17周 四(3-4节)",
"18002001","恋爱与婚姻","崂山校区","讲授","乔莉","2.0","32","60","6316（研讨）","Common","1-17周 四(3-4节)",
"82003005","古琴学理论与实践","崂山校区","讲授","赵霄鹏","2.0","64","24","","Common","1-17周 一(10-11节)",
"","","","","","","","","","Common","1-17周 五(7-8节)",
"82003006","古琴学理论与实践","崂山校区","讲授","赵霄鹏","2.0","64","24","","Common","1-17周 三(10-11节)",
"","","","","","","","","","Common","1-17周 五(10-11节)",
"16001114","数学建模——量化研究的必由之路*","崂山校区","讲授","陈丕炜 曹永昌 吕可波","3.0","48","50","6317（研讨）","Common","1-17周 二(5-7节)",
"16001117","数学建模——量化研究的必由之路*","西海岸校区","讲授","吕可波 曹永昌 陈丕炜","3.0","48","50","北401/402（研讨）","Common","1-17周 六(5-7节)",
"18006015","音乐与中国古典诗词","崂山校区","讲授","傅晓杉","2.0","32","50","6413（研讨）","Common","1-17周 二(5-6节)",
"18006016","音乐与中国古典诗词","崂山校区","讲授","傅晓杉","2.0","32","50","6413（研讨）","Common","1-17周 二(7-8节)",
"14002007","电影与人生","崂山校区","讲授","柴焰 刘佳 王小强","2.0","32","50","6411（研讨）","Common","1-17周 二(7-8节)",
"14002008","电影与人生","崂山校区","讲授","柴焰 刘佳 王小强","2.0","32","50","6411（研讨）","Common","1-17周 三(7-8节)",
"19000188","中国古代海洋史专题","崂山校区","讲授","万晋","2.0","32","70","7204","Common","1-17周 二(1-2节)",
"19000189","中国古代海洋史专题","崂山校区","讲授","万晋","2.0","32","70","7204","Common","1-17周 二(3-4节)",
"01001054","海洋通论*","崂山校区","讲授","王楠 陈旭","3.0","48","30","6315（研讨）","Common","1-17周 三(7-9节)",
"04003051","在海洋中给地球做CT","崂山校区","讲授","邢磊 尹燕欣 王林飞","2.0","32","50","6313（研讨）","Common","1-17周 五(5-6节)",
"04003052","在海洋中给地球做CT","崂山校区","讲授","王林飞 邢磊 刘怀山","2.0","32","50","6313（研讨）","Common","1-17周 五(7-8节)",
"09004002","创客单片机入门——可视化设计","崂山校区","讲授","刘滨 刘博闻","2.0","32","30","6315（研讨）","Common","1-17周 日(1-2节)",
"09004003","创客单片机入门——可视化设计","崂山校区","讲授","刘滨 刘博闻","2.0","32","30","6315（研讨）","Common","1-17周 日(3-4节)",
"16001111","古今数学思想——人类心智之荣耀","崂山校区","讲授","高翔","2.0","32","60","6316（研讨）","Common","1-17周 三(3-4节)",
"16002004","运筹学——最优化的世界","崂山校区","讲授","方奇志 刘彬","2.0","32","40","6411（研讨）","Common","1-17周 一(7-8节)",
"09101001","工程认知实践体验","崂山校区","讲授","刘贵杰 孙竹","2.0","32","60","","Common","1-8周 六(5-8节)",
"09101004","3D打印和激光加工-把想象变成现实","崂山校区","讲授","刘永辉 李辰 舒睿","2.0","32","50","","Common","1-8周 日(5-8节)",
"10001001","海大植物鉴赏","崂山校区","讲授","李锋民","2.0","32","50","6313（研讨）","Common","1-17周 一(7-8节)",
"05001003","健康科学管理与免疫","崂山校区","讲授","刘振辉 汲广东 孙晨","2.0","32","50","6314（研讨）","Common","1-17周 五(7-8节)",
"02001115","量子计算与算法导论","崂山校区","讲授","顾永建","3.0","48","120","4101","Common","1-17周 五(10-12节)",
"04010001","陆-海景观赏析","崂山校区","讲授","李晓辉 胡军","2.0","32","50","6314（研讨）","Common","1-17周 一(10-11节)",
"04010002","陆-海景观赏析","崂山校区","讲授","胡军 李晓辉","2.0","32","50","6314（研讨）","Common","1-17周 三(10-11节)",
"18002004","你真正了解学习吗？——有效学习的心理解码","崂山校区","讲授","张银","2.0","32","32","6417（研讨）","Common","1-17周 二(3-4节)",
"18002005","你真正了解学习吗？——有效学习的心理解码","崂山校区","讲授","张银","2.0","32","32","6417（研讨）","Common","1-17周 二(5-6节)",
"09101003","认识制造——从传统制造到智能制造","崂山校区","讲授","葛安亮","2.0","32","40","","Common","1-8周 六(1-4节)",
"09101002","海洋工程装备认知实践体验","崂山校区","讲授","郑中强","2.0","32","40","","Common","1-10周 三(7-9节)",
"","","","","","","","","","Common","11周 三(7-8节)",
"11001023","经济学思维","崂山校区","讲授","邓晓辉 姜忠辉","2.0","32","50","6314（研讨）","Common","1-17周 四(1-2节)",
"02001114","思考与学习*","崂山校区","讲授","李颖","3.0","48","40","6314（研讨）","Common","1-17周 二(7-9节)",
"97002001","心理助人技术的理论与实践","崂山校区","讲授","迟昊阳","2.0","32","40","6412（研讨）","Common","1-17周 三(7-8节)",
"06002035","中国渔文化","西海岸校区","讲授","王巧晗","2.0","32","50","南430/429","Common","1-17周 四(3-4节)",
"12002092","解码金融的逻辑","崂山校区","讲授","王垒","2.0","32","40","6317（研讨）","Common","1-17周 四(3-4节)",
"12002090","博弈论漫谈","崂山校区","讲授","高金伍","2.0","32","100","3410","Common","1-17周 三(3-4节)",
"15002090","知识产权法与创新保护","崂山校区","讲授","马晓莉","2.0","32","50","6411（研讨）","Common","1-17周 二(3-4节)",
"11004024","道家人生哲学*","崂山校区","讲授","张立波","3.0","48","50","6317（研讨）","Common","1-17周 一(7-9节)",
"11004025","道家人生哲学*","崂山校区","讲授","张立波","3.0","48","50","6317（研讨）","Common","1-17周 一(10-12节)",
"18004001","科学发声与流行歌曲演唱","鱼山校区","讲授","孙道东","2.0","32","35","0108","Common","1-17周 二(3-4节)",
"14001005","应用文写作","崂山校区","讲授","王小强","2.0","32","50","6314（研讨）","Common","1-17周 三(3-4节)",
"06002033","水草造景艺术与实践","鱼山校区","讲授","刘岩","2.0","32","50","0205","Common","1-17周 四(3-4节)",
"14001011","走进文学青岛","崂山校区","讲授","李莹","2.0","32","50","6411（研讨）","Common","1-17周 三(3-4节)",
"18006008","素描","崂山校区","讲授","王宇","2.0","32","25","3209(素描室)","Common","1-17周 五(1-2节)",
"18006009","素描","崂山校区","讲授","王宇","2.0","32","25","3209(素描室)","Common","1-17周 五(3-4节)",
"18006010","素描","崂山校区","讲授","王宇","2.0","32","25","3209(素描室)","Common","1-17周 五(5-6节)",
"14001010","唐诗宋词名篇导读*","崂山校区","讲授","刘怀荣 鞠岩 李婧","3.0","48","40","6414（研讨）","Common","1-17周 五(5-7节)",
"18006021","西方美术鉴赏","西海岸校区","讲授","王宇","2.0","32","50","北401/402（研讨）","Common","1-17周 二(3-4节)",
"18006022","西方美术鉴赏","西海岸校区","讲授","王宇","2.0","32","50","北401/402（研讨）","Common","1-17周 二(5-6节)",
"14001004","诗词写作与经典研读","崂山校区","讲授","彭敏哲","2.0","32","40","6315（研讨）","Common","9-17周 五(5-6节)",
"","","","","","","","","6315（研讨）","Common","9-17周 三(5-6节)",
"14001008","当代绘本艺术赏析","崂山校区","讲授","程诺","2.0","32","40","6314（研讨）","Common","1-17周 一(7-8节)",
"82105002","国画－－中国传统艺术系列课","崂山校区","讲授","外聘(通识) 贾建媛","1.0","16","30","","Common","3-11周 五(5-6节)",
"82105003","书法——中国传统艺术系列课","崂山校区","讲授","外聘(通识) 贾建媛","1.0","16","30","6514(书画室)","Common","3-11周 五(5-6节)",
"82105004","篆刻——中国传统艺术系列课","崂山校区","讲授","外聘(通识) 贾建媛","1.0","16","30","6411（研讨）","Common","3-11周 五(5-6节)",
"82105005","剪纸——中国传统艺术系列课","崂山校区","讲授","外聘(通识) 贾建媛","2.0","32","30","6514(书画室)","Common","1-17周 一(5-6节)",
"19000191","中国共产党历史（1921-1949）","崂山校区","讲授","曹书林","1.0","16","70","7304","Common","1-8周 四(1-2节)",
"19000192","中国共产党历史（1921-1949）","崂山校区","讲授","曹书林","1.0","16","70","7304","Common","1-8周 四(3-4节)",
"19000193","中国共产党历史（1921-1949）","崂山校区","讲授","孙笑颜","1.0","16","70","7106","Common","1-8周 二(5-6节)",
"19000194","中国共产党历史（1921-1949）","崂山校区","讲授","孙笑颜","1.0","16","70","7106","Common","1-8周 二(7-8节)",
"19000195","中国共产党历史（1921-1949）","崂山校区","讲授","张运君 王洪兵 刘永祥","1.0","16","70","5304","Common","1-8周 二(5-6节)",
"19000196","中华人民共和国史","崂山校区","讲授","景菲菲","1.0","16","70","7102","Common","1-8周 二(10-11节)",
"19000197","中华人民共和国史","崂山校区","讲授","景菲菲","1.0","16","70","7102","Common","1-8周 三(10-11节)",
"19000198","中华人民共和国史","崂山校区","讲授","曹书林","1.0","16","70","7202","Common","1-8周 五(3-4节)",
"19000199","中华人民共和国史","崂山校区","讲授","曹书林","1.0","16","70","7202","Common","1-8周 五(5-6节)",
"19000200","中华人民共和国史","崂山校区","讲授","魏坡","1.0","16","70","7106","Common","9-17周 二(5-6节)",
"19000201","中华人民共和国史","崂山校区","讲授","魏坡","1.0","16","70","7106","Common","9-17周 二(7-8节)",
"19000202","中华人民共和国史","崂山校区","讲授","张吉舜 魏鹤鸣","1.0","16","70","6208","Common","1-8周 三(5-6节)",
"19000203","中华人民共和国史","崂山校区","讲授","张吉舜 魏鹤鸣","1.0","16","70","6208","Common","1-8周 三(7-8节)",
"19000183","社会主义发展史","崂山校区","讲授","许欢","1.0","16","70","7104","Common","1-8周 二(3-4节)",
"19000179","改革开放史","崂山校区","讲授","隋筱童 董振娟 黄盛","1.0","16","75","7104","Common","1-8周 一(3-4节)",
"19000180","改革开放史","崂山校区","讲授","隋筱童 董振娟 黄盛","1.0","16","75","7104","Common","9-17周 一(3-4节)",
"19000187","海洋与传统中国*","崂山校区","讲授","李尹","3.0","48","70","7108","Common","1-17周 二(5-7节)",
"19000209","海洋与传统中国*","西海岸校区","讲授","李尹","3.0","48","70","南214/213","Common","1-17周 三(5-7节)",
"19000190","海洋与大国兴衰*","崂山校区","讲授","卞秀瑜","3.0","48","65","7104","Common","1-17周 五(10-12节)",
"19000204","海洋与大国兴衰*","崂山校区","讲授","卞秀瑜 刘乔","3.0","48","65","7104","Common","1-17周 二(10-12节)",
